minimum_distance,relative_velocity,time_to_closest_approach,altitude,inclination_difference,eccentricity,risk
77.418,1.025,141.595,1709.676,10.741,0.0436,0
43.944,6.928,75.049,1309.963,5.357,0.1326,0
85.874,2.023,160.105,716.253,12.778,0.1534,0
69.767,2.37,109.368,1567.648,3.615,0.0333,0
9.508,9.521,19.559,443.618,8.076,0.0088,1
97.565,5.955,148.707,1616.51,2.762,0.0879,0
76.138,13.836,82.248,1302.975,7.43,0.1548,0
78.628,4.855,23.881,488.276,2.287,0.1302,0
12.899,10.92,25.737,435.159,2.424,0.1404,1
45.094,6.97,115.537,1576.422,9.183,0.0806,0
37.143,9.933,8.054,797.991,3.957,0.047,0
92.684,9.035,48.219,1811.813,2.586,0.1064,0
64.422,7.144,23.57,1595.524,13.947,0.0409,0
82.294,14.256,74.157,1486.923,0.645,0.1452,0
44.397,5.206,69.67,773.63,8.477,0.0394,0
22.801,2.741,87.723,1505.206,8.224,0.0583,0
55.503,10.204,47.051,1911.851,3.759,0.1013,0
6.475,12.706,5.48,455.652,6.792,0.0973,1
82.78,0.7,103.255,854.476,1.316,0.1202,0
63.203,6.8,62.847,698.943,10.819,0.0875,0
75.833,13.398,109.459,968.525,3.325,0.1839,0
35.517,11.269,18.345,1561.966,2.901,0.168,0
97.073,14.878,2.413,1106.212,4.723,0.1758,1
89.323,8.018,41.789,1270.242,13.536,0.1259,0
77.861,9.934,76.754,834.063,11.947,0.127,0
19.544,4.607,66.265,540.192,14.203,0.1218,0
46.725,14.218,136.15,753.787,9.779,0.087,0
4.476,5.558,63.539,1761.457,9.944,0.0644,1
15.514,11.104,89.161,1324.109,7.2,0.1184,1
68.337,6.107,99.751,942.581,13.578,0.0051,0
74.502,8.471,3.765,1642.84,7.663,0.0015,1
96.754,10.825,86.591,409.578,5.326,0.1703,0
32.65,7.683,57.997,731.615,9.606,0.0093,0
37.109,13.616,70.833,691.175,8.192,0.105,0
47.009,6.348,16.938,1975.12,1.86,0.123,0
19.028,9.741,131.536,1500.368,5.891,0.0396,0
13.079,5.201,158.33,1350.236,4.7,0.1791,0
47.623,6.182,3.839,308.474,12.703,0.038,0
22.768,6.657,101.07,613.327,5.683,0.1769,0
67.014,1.975,128.349,1380.42,12.323,0.1526,0
43.771,1.467,47.919,945.523,6.636,0.0481,0
83.285,10.046,132.331,1871.277,11.303,0.0301,0
70.056,9.867,106.272,1600.031,2.029,0.0632,0
31.305,9.977,156.106,1060.553,13.87,0.0796,0
83.243,0.395,164.811,1574.175,7.208,0.0492,0
80.496,4.966,7.21,1958.187,3.897,0.1998,0
38.809,3.047,74.805,1083.667,3.622,0.0459,0
28.904,11.694,91.939,1392.294,3.976,0.1661,0
68.281,12.923,24.738,1861.73,5.501,0.0318,0
14.061,3.776,56.562,722.747,10.763,0.196,0
20.071,10.051,165.926,1807.148,14.244,0.0451,0
0.835,2.028,2.825,465.826,10.036,0.0843,1
78.714,4.2,76.076,1402.362,8.207,0.1117,0
66.519,2.166,141.582,1630.825,6.729,0.0241,0
70.546,4.324,54.483,1344.831,12.423,0.1634,0
78.095,10.154,80.658,1142.409,12.745,0.0549,0
45.946,13.664,164.314,1349.49,4.396,0.1099,0
56.917,3.118,79.832,557.828,14.301,0.1099,0
14.066,8.177,22.082,666.47,5.927,0.1205,1
11.542,10.551,8.784,758.829,12.001,0.0111,1
66.873,14.299,158.835,1316.225,14.502,0.0337,0
47.163,9.19,44.729,1051.232,10.555,0.0322,0
56.567,3.901,84.732,715.609,2.423,0.0604,0
76.523,9.42,15.329,1800.776,8.792,0.029,0
63.508,4.875,71.232,935.667,1.782,0.1844,0
55.403,14.644,156.265,1058.254,11.837,0.1026,0
55.965,6.055,84.455,996.492,4.22,0.1247,0
30.465,10.313,163.154,609.303,10.428,0.0715,0
3.179,0.446,43.559,1543.766,13.651,0.0552,1
43.728,6.061,84.813,1062.379,2.715,0.1006,0
21.537,13.139,144.415,327.637,5.893,0.0589,0
40.912,9.192,75.362,1938.823,9.707,0.0687,0
85.355,6.715,47.026,1686.798,6.295,0.0906,0
23.471,14.045,143.734,1530.051,2.622,0.1011,0
5.924,12.824,65.562,1777.456,0.436,0.1969,1
28.21,4.901,89.208,1841.572,6.099,0.0447,0
29.43,8.214,164.059,873.733,9.738,0.0976,0
66.225,7.398,31.411,1338.63,8.61,0.0299,0
55.748,9.52,50.705,1334.973,2.344,0.07,0
78.411,5.078,5.317,754.409,6.76,0.1435,0
66.465,3.739,65.89,677.319,5.542,0.0349,0
40.698,13.699,33.711,493.642,4.113,0.1163,0
81.421,13.866,114.278,1420.834,10.939,0.0833,0
16.781,12.666,30.544,1627.562,4.645,0.0103,0
2.369,14.675,113.401,1593.62,8.102,0.1866,1
9.096,11.2,44.338,837.668,13.848,0.0827,1
72.264,11.494,59.741,648.942,8.089,0.1568,0
46.242,11.463,58.674,1071.144,9.255,0.0833,0
16.211,7.261,120.443,1229.583,1.099,0.1875,0
50.154,6.901,78.427,1862.448,2.672,0.0581,0
15.316,3.679,60.762,1787.199,1.514,0.0824,0
69.662,9.708,143.255,1857.299,11.472,0.1518,0
44.671,4.411,96.131,1745.446,12.539,0.0687,0
38.164,3.941,36.002,1939.788,2.797,0.0729,0
30.221,8.831,151.225,1091.35,3.289,0.199,0
63.065,6.209,57.631,380.705,4.848,0.1111,0
36.245,3.361,6.645,442.055,8.866,0.1379,0
8.856,12.259,83.143,963.469,9.327,0.1287,1
11.889,12.922,20.909,738.068,10.301,0.1656,1
96.194,2.599,40.139,588.899,13.578,0.1724,0
90.867,0.212,125.54,1920.446,4.426,0.1127,0
70.001,5.108,22.053,632.213,9.881,0.0589,0
26.66,11.983,135.586,1930.945,8.396,0.0046,0
96.921,12.604,157.407,1593.426,4.588,0.1229,0
77.897,2.161,101.937,1389.608,13.611,0.1651,0
71.717,11.638,119.369,1449.232,1.432,0.0901,0
44.991,1.824,119.911,863.506,10.68,0.0329,0
27.297,5.912,166.792,1398.926,10.918,0.0576,0
9.729,14.979,57.444,617.377,13.73,0.102,1
90.27,2.97,27.444,1894.099,7.779,0.1673,0
45.632,2.394,87.268,813.049,4.824,0.0344,0
20.316,6.4,89.633,733.817,12.416,0.1224,0
30.665,9.333,29.972,1508.977,11.562,0.1507,0
57.964,14.0,103.041,1415.963,7.505,0.1872,0
17.76,14.714,2.472,1067.208,11.518,0.0233,1
85.676,1.138,155.856,1375.159,4.018,0.1853,0
75.876,2.156,44.522,571.138,8.843,0.1203,0
71.974,11.882,6.742,1444.658,12.978,0.1533,0
43.266,4.132,18.275,760.038,4.77,0.0108,0
62.768,13.284,40.438,763.821,7.253,0.1012,0
58.451,9.985,46.089,575.706,14.266,0.1245,0
65.02,1.766,5.609,865.041,11.973,0.0614,0
8.536,12.505,47.004,863.127,13.306,0.0863,1
41.639,2.728,32.495,1072.104,5.779,0.1109,0
4.257,6.41,63.67,623.713,14.948,0.1105,1
49.45,8.328,64.77,628.113,2.288,0.0084,0
33.053,7.561,57.019,1220.956,7.782,0.0879,0
14.538,10.324,55.158,519.092,7.189,0.0428,0
10.43,9.825,15.166,1471.125,11.976,0.1833,1
58.806,14.881,4.332,1904.71,13.629,0.1953,1
17.142,14.991,34.035,1025.553,10.967,0.0599,1
92.519,7.795,127.141,1831.879,9.402,0.035,0
58.148,1.518,166.457,467.138,6.411,0.0439,0
34.752,10.945,156.0,373.028,7.655,0.0956,0
59.132,14.652,84.758,1526.327,7.64,0.1749,0
2.378,4.843,89.393,1593.737,0.306,0.1,1
95.86,6.972,52.918,1733.199,7.546,0.0111,0
48.282,6.429,130.044,396.59,12.84,0.008,0
78.295,0.866,128.503,1620.742,10.639,0.0455,0
8.365,10.117,141.853,940.116,11.936,0.1686,1
48.717,5.365,150.455,815.674,5.857,0.1243,0
49.122,11.833,73.027,594.141,7.935,0.1126,0
93.789,12.499,128.858,1993.227,0.502,0.0638,0
57.216,12.336,135.494,408.228,5.745,0.1859,0
47.402,6.308,51.89,1705.914,7.116,0.0662,0
26.771,4.891,156.12,1387.141,3.828,0.167,0
33.224,11.257,15.94,1549.637,0.469,0.1792,0
52.115,12.041,167.038,1509.919,10.356,0.0967,0
43.947,7.42,129.398,1759.339,6.526,0.1789,0
2.259,13.406,15.76,612.447,6.235,0.0554,1
82.647,2.244,110.281,301.402,3.75,0.1317,0
89.626,13.198,5.839,1317.498,8.067,0.0176,1
14.111,1.532,129.414,901.56,6.57,0.0948,0
55.448,2.388,134.29,510.438,7.11,0.0435,0
10.947,8.054,101.245,616.436,8.713,0.0126,1
67.257,1.106,143.967,863.974,0.095,0.0007,0
28.195,0.887,16.535,419.397,13.615,0.065,0
65.976,0.108,46.428,396.752,1.066,0.1179,0
72.727,6.601,69.64,1857.245,6.764,0.091,0
76.888,11.642,7.229,830.575,3.111,0.0604,0
10.863,0.619,75.355,1969.792,7.857,0.1982,0
91.61,9.819,44.629,1939.424,4.203,0.1879,0
23.098,12.365,66.04,542.371,12.9,0.0251,0
3.838,2.603,71.475,1515.371,5.945,0.083,1
55.53,2.288,147.753,1321.368,9.581,0.1298,0
37.155,12.926,45.49,1474.1,3.733,0.1467,0
82.996,12.365,150.159,463.525,0.291,0.0733,0
80.844,8.13,71.621,620.552,6.062,0.1493,0
31.782,12.306,55.139,430.286,8.047,0.0248,0
95.295,1.482,84.472,1327.028,6.893,0.0664,0
29.163,5.978,70.239,1977.205,14.43,0.1433,0
51.554,11.093,43.313,1442.374,10.603,0.1251,0
25.671,3.936,84.5,1508.295,14.935,0.1674,0
93.611,11.31,25.588,1973.795,4.426,0.0094,0
16.544,7.612,59.189,1452.62,11.836,0.0349,0
4.587,11.279,95.096,368.309,8.333,0.0097,1
43.566,7.024,69.511,1773.91,9.176,0.0384,0
99.238,5.582,138.435,919.953,14.788,0.0009,0
89.179,3.366,43.204,307.418,9.81,0.1008,0
74.886,3.205,162.925,1162.298,13.482,0.1057,0
89.09,11.297,131.855,1892.926,10.886,0.1316,0
89.355,1.872,162.559,737.462,1.911,0.077,0
51.934,1.381,140.823,1135.572,10.491,0.0006,0
31.661,2.727,23.959,595.421,7.265,0.1348,0
77.224,2.713,88.493,398.078,13.782,0.0109,0
66.2,12.364,28.639,436.926,12.103,0.1732,0
37.428,6.038,137.48,1535.919,1.562,0.0045,0
9.537,14.857,98.181,1768.927,2.009,0.1061,1
74.704,2.144,44.333,543.608,1.044,0.179,0
26.32,9.838,156.18,790.142,7.399,0.1145,0
93.688,6.786,19.44,631.55,1.212,0.1217,0
24.173,5.954,94.772,345.655,10.855,0.1363,0
12.364,13.139,121.163,1240.833,8.285,0.0245,1
83.128,14.636,9.981,1489.868,12.538,0.135,1
15.413,13.106,100.48,1401.392,4.197,0.1761,0
18.009,2.965,137.09,959.691,7.787,0.1948,0
59.978,3.39,11.438,1243.517,1.762,0.0886,0
87.469,9.876,86.106,459.969,13.269,0.0689,0
19.724,4.407,43.512,562.316,2.625,0.1507,0
31.101,11.047,111.405,1884.051,1.535,0.1086,0
77.763,8.54,20.026,1594.563,3.076,0.0515,0
97.185,8.309,157.431,1868.656,12.093,0.0344,0
50.124,12.445,150.325,1858.356,1.587,0.034,0
14.475,10.687,31.325,1403.967,9.216,0.0918,1
1.492,0.496,54.376,1878.006,11.193,0.034,1
23.043,0.837,98.764,1008.397,11.266,0.0039,0
13.269,9.063,120.663,306.148,2.851,0.0104,0
67.798,7.344,74.422,406.371,0.924,0.186,0
12.271,3.977,26.341,486.128,6.732,0.0146,0
50.682,6.338,17.587,462.101,3.037,0.0146,0
69.457,11.393,167.961,897.894,10.489,0.0902,0
58.154,12.417,76.554,1492.16,5.35,0.049,0
20.058,8.462,146.598,1644.103,6.74,0.1925,0
80.432,5.842,81.091,1303.363,1.702,0.1822,0
71.569,4.133,154.964,548.941,8.513,0.0809,0
73.925,7.877,14.835,1571.433,2.783,0.0897,0
13.193,4.79,19.244,903.163,10.185,0.075,1
12.463,8.505,156.185,322.089,1.068,0.0076,0
92.763,10.182,159.184,777.001,14.638,0.0586,0
39.818,1.085,52.941,862.021,10.268,0.0245,0
30.165,0.116,59.732,766.217,2.726,0.0205,0
48.91,3.263,76.066,1680.179,0.211,0.1122,0
66.32,13.428,69.974,1591.875,5.017,0.0198,0
95.567,9.73,32.009,1482.438,2.292,0.0206,0
28.716,2.662,150.937,536.309,3.276,0.0961,0
92.488,13.365,42.63,1673.318,13.091,0.0885,0
2.583,7.102,118.515,1451.199,9.048,0.0275,1
55.564,7.194,11.375,631.224,2.647,0.0009,0
63.434,14.04,6.606,1401.76,8.35,0.0386,1
10.679,0.986,109.861,1121.97,3.837,0.0472,0
14.12,3.306,57.021,1046.895,14.643,0.16,0
41.97,8.828,110.152,490.609,0.491,0.1831,0
96.627,3.013,15.886,1181.117,10.985,0.0812,0
59.645,10.225,159.58,469.884,11.595,0.081,0
93.309,3.29,125.776,579.231,1.007,0.1425,0
80.456,1.577,147.225,525.329,2.578,0.1254,0
46.791,3.184,23.013,1921.984,5.765,0.0368,0
78.498,6.399,53.855,784.27,13.022,0.0215,0
1.882,2.724,61.945,903.847,8.055,0.0875,1
11.003,2.107,90.291,847.537,9.83,0.113,0
82.96,12.918,49.944,1827.026,11.745,0.0277,0
79.702,4.874,10.28,1257.042,12.422,0.0587,0
23.341,5.475,62.035,1862.572,7.144,0.0612,0
53.124,0.924,42.839,809.872,7.632,0.0523,0
60.641,5.425,64.896,495.219,10.77,0.0922,0
86.787,4.046,33.17,1245.571,3.95,0.1306,0
60.35,9.196,44.072,887.413,12.817,0.1019,0
41.316,3.16,105.365,1663.242,0.312,0.0403,0
37.481,13.337,65.271,1795.02,2.937,0.0206,0
42.646,13.952,58.09,1103.375,12.003,0.1644,0
65.228,1.587,89.743,1951.31,5.104,0.0959,0
86.762,1.7,129.695,1240.122,2.247,0.0124,0
45.444,1.818,63.712,760.565,2.801,0.0516,0
24.859,9.332,98.745,1131.258,7.961,0.1608,0
23.743,1.917,162.325,363.427,12.693,0.1503,0
74.627,12.8,87.74,1666.802,1.06,0.1752,0
81.675,11.339,152.855,472.44,0.457,0.1204,0
10.617,12.315,133.358,824.872,6.978,0.0846,1
6.749,7.938,9.959,1261.038,14.343,0.0853,1
59.484,14.95,72.146,373.058,4.185,0.0388,0
14.703,0.758,117.348,434.839,14.388,0.1302,0
82.484,6.079,165.769,1483.398,13.315,0.117,0
31.102,4.927,77.061,422.021,4.247,0.031,0
14.473,14.235,15.679,1111.041,12.254,0.1771,1
92.105,8.695,94.461,875.783,10.288,0.0737,0
16.637,12.112,21.35,687.735,7.677,0.0099,1
28.544,2.638,126.28,620.924,6.344,0.0656,0
15.446,14.682,85.339,1597.799,12.233,0.174,1
11.637,7.53,121.564,1917.622,11.896,0.1834,0
2.213,7.456,146.066,538.306,11.354,0.0981,1
5.634,14.566,105.7,1931.458,14.974,0.1913,1
17.547,5.773,102.929,1311.096,7.178,0.175,0
5.433,6.023,126.792,1390.823,12.104,0.165,1
59.155,8.813,141.548,1506.875,12.937,0.1719,0
68.103,2.008,146.014,1497.002,3.174,0.0764,0
39.424,4.884,6.217,1693.679,0.631,0.1513,0
31.867,2.979,93.484,1121.897,6.071,0.1155,0
50.502,1.639,36.412,1206.71,12.851,0.1439,0
87.513,13.006,144.552,850.506,4.337,0.0356,0
85.128,8.881,108.966,478.938,10.5,0.1463,0
4.443,5.444,70.655,1429.888,0.11,0.1915,1
18.232,6.189,31.683,357.137,5.33,0.0605,0
23.751,6.53,57.022,768.58,9.233,0.1972,0
25.014,9.534,118.264,460.191,1.946,0.0757,0
57.166,13.909,34.412,624.236,13.449,0.0399,0
41.685,13.998,15.813,1385.843,2.344,0.0225,0
5.02,5.933,149.2,1368.41,13.647,0.157,1
37.424,5.006,128.411,1015.793,3.246,0.111,0
52.423,6.821,33.646,453.292,14.914,0.0614,0
10.257,8.562,49.179,1036.736,9.071,0.1217,1
83.363,6.981,163.311,899.666,1.265,0.0664,0
5.291,9.915,119.004,1524.781,0.979,0.0897,1
92.492,8.361,102.607,1284.345,1.124,0.1725,0
10.001,4.879,51.751,1135.662,8.848,0.1336,1
84.373,5.251,50.323,1127.87,12.144,0.1525,0
90.275,5.741,6.736,1942.705,6.044,0.1167,0
97.959,1.51,122.412,1585.7,6.673,0.1983,0
80.222,2.574,7.349,1144.865,8.839,0.0483,0
77.97,10.874,0.916,1114.678,7.996,0.0525,1
64.284,5.898,122.582,345.014,10.321,0.0185,0
77.922,3.297,159.416,1902.266,7.077,0.1108,0
13.542,8.484,127.117,842.596,10.708,0.1227,0
53.653,11.358,79.288,735.096,14.96,0.1452,0
51.471,3.936,81.707,1998.995,5.254,0.0671,0
85.771,12.419,73.327,1521.772,0.183,0.0025,0
46.334,13.92,54.608,380.518,1.884,0.1264,0
38.57,9.001,87.696,405.205,8.303,0.1997,0
63.992,10.067,72.49,343.353,5.164,0.0589,0
26.72,0.883,100.532,1319.352,14.1,0.0368,0
14.063,14.188,150.894,421.66,9.412,0.0564,0
47.84,5.948,167.162,1886.76,7.805,0.0851,0
41.747,13.866,13.321,1892.741,11.971,0.0502,0
23.334,8.727,64.688,1228.292,3.879,0.0694,0
36.814,0.169,30.441,1348.286,12.296,0.1276,0
36.703,0.674,59.221,796.22,0.046,0.069,0
32.817,10.238,48.367,408.753,9.295,0.0792,0
38.008,8.484,29.405,1553.683,14.021,0.008,0
68.606,0.495,128.388,473.036,11.818,0.1836,0
29.758,11.178,83.427,445.448,12.805,0.0814,0
94.891,12.797,154.441,829.079,5.954,0.0656,0
91.643,7.497,5.572,321.192,12.364,0.0173,0
48.143,7.04,11.346,1037.861,8.262,0.1268,0
32.903,0.182,67.81,1503.058,9.278,0.1728,0
53.59,11.821,13.579,1662.293,0.884,0.0082,0
84.871,5.028,44.212,1327.322,3.023,0.0291,0
65.293,13.194,165.654,1739.686,8.264,0.0293,0
80.459,5.659,35.184,991.054,0.882,0.1205,0
53.319,8.52,33.364,1742.913,11.122,0.1842,0
63.328,4.128,96.414,1161.005,12.601,0.0876,0
28.887,2.493,83.714,679.161,13.805,0.0688,0
73.516,11.646,97.556,1905.048,1.527,0.1532,0
20.32,7.499,63.354,767.45,14.096,0.1485,0
69.51,8.094,138.913,344.543,1.014,0.0494,0
86.086,14.485,23.368,712.546,7.111,0.0322,0
13.297,14.457,72.027,923.369,12.604,0.0716,1
61.477,12.849,115.911,897.294,1.055,0.1551,0
9.6,2.895,145.877,1191.935,0.273,0.139,0
72.599,8.955,62.151,1801.316,0.374,0.1332,0
8.541,13.184,95.424,796.975,7.669,0.1659,1
93.6,5.68,11.709,1185.31,12.174,0.0554,0
13.827,1.606,28.697,878.236,1.911,0.0679,0
95.892,12.183,11.708,1697.014,1.869,0.0085,0
80.108,7.278,122.311,567.923,8.528,0.1737,0
59.409,8.509,48.465,475.967,3.514,0.1165,0
78.284,14.734,121.617,1155.092,10.953,0.0596,0
79.532,9.147,11.248,1442.209,14.245,0.0139,0
94.608,6.432,144.922,1652.393,11.491,0.1447,0
25.413,5.613,140.386,1302.362,13.158,0.1497,0
59.049,6.323,15.031,1615.545,7.794,0.1332,0
9.595,1.864,4.089,967.607,12.485,0.0408,1
61.655,11.942,9.551,355.875,2.744,0.1826,1
17.212,12.582,143.425,497.369,1.025,0.1506,0
56.539,4.338,39.507,365.828,9.839,0.1316,0
57.286,4.627,92.155,859.204,0.779,0.1302,0
46.652,13.128,71.666,1142.335,13.387,0.1809,0
52.311,0.457,133.669,905.74,10.373,0.1857,0
76.416,7.855,82.186,1253.019,14.283,0.1191,0
79.945,7.009,84.161,1117.036,4.708,0.0833,0
49.266,10.383,166.169,1452.503,7.292,0.0727,0
59.999,2.535,25.307,1433.836,11.125,0.1638,0
93.13,10.058,139.575,840.709,3.642,0.1289,0
12.061,5.713,8.789,888.565,8.128,0.0155,1
11.799,9.319,80.297,1294.751,9.892,0.0284,1
8.862,0.697,148.916,1313.935,14.682,0.18,0
65.821,6.98,111.789,834.99,11.171,0.1769,0
41.919,7.882,115.148,861.54,1.772,0.1904,0
77.455,3.293,44.311,1479.877,7.13,0.0856,0
67.156,2.18,70.379,1400.598,8.832,0.1568,0
33.43,2.908,61.649,529.586,2.199,0.1656,0
89.847,5.228,87.65,1049.771,6.479,0.0631,0
76.277,1.542,77.708,1817.6,4.26,0.0291,0
27.126,14.215,54.986,361.72,1.782,0.1994,0
36.483,6.134,51.39,1753.779,7.681,0.006,0
31.513,12.154,42.218,577.403,2.484,0.1195,0
15.845,14.619,61.391,1162.323,8.858,0.13,1
14.864,1.303,25.275,1021.372,2.545,0.1364,0
93.619,9.81,146.526,317.22,10.854,0.0511,0
43.847,13.084,101.196,1856.175,2.929,0.1443,0
38.394,9.55,22.563,1073.373,13.444,0.0433,0
72.996,6.492,116.599,1922.256,0.393,0.1658,0
55.344,6.523,142.423,787.465,7.83,0.0438,0
93.62,0.635,39.982,1772.669,4.802,0.1393,0
78.052,8.066,25.386,1868.062,3.376,0.1567,0
47.989,14.904,1.547,1246.615,7.074,0.0378,1
37.698,14.385,8.033,644.552,12.63,0.0476,1
98.664,0.702,128.082,1464.921,13.729,0.1558,0
71.804,10.616,165.849,1233.263,4.549,0.0172,0
95.124,4.596,7.635,1905.7,2.314,0.0382,0
11.936,13.555,125.701,1046.763,10.802,0.0911,1
85.068,0.772,12.166,756.473,8.73,0.186,0
63.744,14.045,99.519,535.088,3.015,0.1124,0
12.28,12.578,127.045,1487.677,11.404,0.0775,1
58.867,1.851,60.41,1955.986,7.784,0.1957,0
68.641,0.991,1.936,348.184,9.801,0.0927,0
1.329,12.537,100.032,1558.757,5.39,0.0867,1
45.486,2.421,166.53,1875.782,6.586,0.0823,0
82.557,8.07,43.354,427.129,2.705,0.0624,0
29.606,13.745,31.916,487.289,11.348,0.0651,0
45.909,8.555,20.907,1476.327,2.355,0.1376,0
44.287,6.019,93.327,1401.538,11.675,0.0082,0
30.263,6.731,100.243,417.007,11.97,0.1364,0
91.852,1.04,133.122,1718.519,11.199,0.0402,0
78.151,14.534,126.541,1189.821,0.291,0.0768,0
11.148,4.729,149.958,1842.236,4.097,0.0293,0
99.704,2.922,135.389,1792.584,7.025,0.1106,0
87.932,4.362,41.616,1681.263,8.933,0.1459,0
28.462,14.469,93.432,1177.028,13.788,0.0709,0
83.706,1.505,50.035,727.908,5.634,0.0327,0
10.731,13.023,55.471,1160.158,13.125,0.0453,1
99.911,10.647,156.573,471.379,2.451,0.1636,0
66.602,12.467,114.59,1420.038,5.569,0.0535,0
65.047,14.641,163.734,527.761,0.784,0.1549,0
9.135,12.648,70.1,1168.994,11.137,0.0662,1
89.714,14.156,90.336,392.449,2.26,0.0377,0
2.997,1.991,81.887,809.171,3.855,0.1455,1
24.159,11.957,18.113,694.537,11.628,0.0937,1
14.388,8.231,39.842,1354.054,8.021,0.0063,1
77.699,8.198,88.69,1637.537,0.21,0.192,0
19.901,13.494,11.412,397.415,0.034,0.0296,1
91.073,14.58,156.492,1745.482,7.66,0.0707,0
65.661,10.602,20.893,1763.305,4.574,0.077,0
3.713,7.296,33.341,881.857,2.705,0.0979,1
0.642,6.9,128.597,1420.307,9.204,0.1571,1
5.261,5.856,16.375,984.442,3.427,0.0012,1
60.632,5.488,151.257,562.124,8.883,0.1865,0
80.168,5.933,121.945,1198.726,5.689,0.1292,0
23.931,1.437,11.621,446.811,2.801,0.1901,0
84.956,1.254,116.261,1793.403,2.072,0.1635,0
5.817,11.72,106.15,1871.293,3.553,0.1856,1
80.116,6.746,127.259,1696.742,0.447,0.1202,0
92.787,13.967,139.154,1256.298,4.622,0.0715,0
77.234,9.222,120.711,1247.918,13.529,0.0886,0
69.842,0.624,98.519,1973.833,12.47,0.1316,0
83.814,2.447,54.242,721.433,5.58,0.0854,0
4.111,3.167,117.172,429.112,8.638,0.1463,1
20.258,14.638,160.776,1255.3,8.51,0.0184,0
12.58,3.359,98.745,858.936,12.431,0.166,0
50.503,7.785,111.644,847.976,3.544,0.0408,0
74.544,14.049,73.494,312.045,4.446,0.1888,0
63.038,14.66,127.053,1313.607,4.527,0.0311,0
85.128,3.622,167.608,748.857,0.613,0.0258,0
15.606,0.832,27.029,619.36,4.72,0.1624,0
73.489,2.389,34.084,368.734,13.169,0.1637,0
19.385,1.044,90.672,919.415,13.68,0.1478,0
27.149,3.007,80.923,1794.247,1.645,0.1921,0
71.019,8.572,96.067,872.34,6.871,0.0541,0
98.022,13.695,8.34,1454.426,5.72,0.1653,1
61.193,8.105,67.978,1586.13,7.34,0.0704,0
5.545,9.427,97.982,857.771,8.321,0.1075,1
61.669,3.108,98.354,1696.789,0.304,0.0891,0
4.331,12.029,110.466,1476.195,12.634,0.0012,1
88.426,9.305,121.024,1250.712,14.605,0.1149,0
70.987,12.976,107.816,301.687,9.801,0.1495,0
17.395,14.238,132.782,359.654,9.907,0.0349,1
9.263,5.284,104.997,1984.472,7.92,0.1863,0
18.435,1.45,90.348,1629.883,5.014,0.1061,0
98.005,3.466,101.88,1893.861,2.235,0.0356,0
45.91,6.624,17.09,1833.915,8.761,0.1292,0
78.43,14.191,45.963,334.753,0.674,0.0384,0
63.677,5.737,88.65,1646.14,12.368,0.0127,0
57.284,11.585,146.675,1066.948,6.314,0.1371,0
14.599,8.153,114.113,1642.249,6.221,0.0221,0
94.608,2.824,15.28,311.417,4.908,0.0212,0
30.204,4.879,99.543,789.939,14.54,0.148,0
57.844,9.833,37.33,1577.25,2.624,0.011,0
70.008,10.126,123.341,1648.135,2.27,0.162,0
64.958,6.578,139.027,1353.515,2.483,0.1592,0
94.065,3.507,99.741,812.136,9.878,0.0283,0
14.929,10.856,99.39,827.616,14.878,0.1037,1
50.884,2.616,56.95,1943.499,3.532,0.0193,0
40.463,14.056,75.025,1046.661,13.584,0.1265,0
47.469,2.9,145.184,1060.113,4.179,0.0126,0
12.01,1.699,121.545,1238.966,9.718,0.1889,0
13.496,7.515,87.367,996.154,0.607,0.0415,0
27.88,7.841,61.926,1239.542,7.435,0.1366,0
30.54,7.672,8.559,1034.97,9.819,0.0257,0
42.848,6.606,24.111,1705.415,8.045,0.0419,0
61.138,14.923,32.509,1845.387,3.568,0.0902,0
63.499,7.346,62.791,1884.587,12.427,0.1146,0
41.24,7.221,158.622,1259.304,14.552,0.1998,0
40.937,6.384,84.915,1051.653,6.888,0.0052,0
21.841,1.096,39.53,1498.908,9.539,0.0001,0
58.872,8.935,17.855,1725.15,11.856,0.0701,0
31.772,3.497,56.901,1257.07,3.622,0.0732,0
3.702,9.6,137.061,1489.968,12.967,0.1768,1
41.898,0.857,64.463,1574.54,4.203,0.1825,0
47.466,14.723,129.804,1449.869,11.637,0.1761,0
22.637,7.088,134.874,1568.427,1.681,0.0286,0
57.289,13.462,18.707,654.697,4.326,0.0824,0
56.621,7.186,102.294,1147.237,8.004,0.1492,0
70.23,0.999,161.132,1300.057,7.874,0.0625,0
64.83,12.351,67.619,304.212,12.756,0.1326,0
65.278,9.758,8.654,1755.136,14.942,0.0474,1
31.69,11.748,155.123,1337.042,1.608,0.0647,0
78.764,6.48,148.468,519.532,4.071,0.1721,0
54.96,9.605,87.768,1687.807,5.364,0.0501,0
43.199,12.858,92.823,1518.997,7.184,0.1929,0
62.639,9.503,35.651,1589.109,7.409,0.0613,0
36.13,5.28,137.686,966.472,12.843,0.0047,0
51.323,9.972,83.815,1752.144,11.558,0.051,0
73.697,10.111,5.788,1003.847,0.283,0.0342,0
88.652,14.413,114.778,1269.866,6.825,0.1014,0
92.114,5.627,159.688,301.092,9.271,0.0225,0
50.413,6.434,139.314,1396.284,6.906,0.1252,0
52.075,12.201,46.642,1520.899,1.96,0.175,0
80.007,7.636,9.053,1264.086,5.962,0.0725,0
31.514,11.075,157.985,1144.15,6.175,0.0337,0
83.754,6.95,157.433,1676.892,2.816,0.08,0
49.465,3.311,89.493,1458.334,11.345,0.1572,0
11.674,11.204,107.945,772.726,4.821,0.1183,1
7.299,2.054,77.771,1930.425,8.835,0.0202,0
84.215,3.059,70.579,1502.354,7.736,0.1074,0
5.651,9.44,20.155,1979.496,13.161,0.0936,1
28.133,11.234,16.345,1951.144,1.83,0.0654,0
33.48,13.431,39.176,1862.147,1.714,0.022,0
17.382,4.162,140.572,1584.132,4.505,0.1962,0
31.458,1.75,24.585,1336.03,6.468,0.0352,0
74.295,14.345,38.163,592.69,4.478,0.0385,0
1.567,2.401,92.212,1223.697,11.448,0.0291,1
82.735,3.045,36.221,1601.14,3.679,0.114,0
85.669,4.441,27.502,1185.457,1.272,0.0887,0
37.289,7.988,94.681,1776.007,6.207,0.0499,0
15.446,13.254,61.903,486.415,11.601,0.0859,1
60.124,11.432,105.232,947.599,12.758,0.1347,0
12.055,10.652,153.259,1160.14,11.0,0.0563,1
36.555,2.71,25.452,1034.953,8.368,0.183,0
95.847,5.429,153.466,484.597,10.863,0.0613,0
99.547,7.228,151.628,560.998,10.221,0.0396,0
77.233,2.297,139.304,1723.949,3.515,0.1909,0
31.165,4.174,106.093,1123.453,8.261,0.1621,0
68.798,4.694,104.223,382.828,11.559,0.0686,0
70.57,1.996,107.424,328.035,4.757,0.1683,0
38.845,8.299,116.034,1104.908,9.81,0.1038,0
64.125,10.605,2.867,579.444,7.222,0.0694,1
1.172,1.142,160.964,1498.714,7.547,0.1679,1
20.985,7.269,98.423,1652.05,1.351,0.1504,0
52.556,11.755,131.308,688.104,9.993,0.0596,0
16.459,11.245,63.446,1306.701,12.985,0.1213,1
16.674,12.245,2.181,562.556,2.121,0.0739,1
83.647,6.779,85.684,816.091,5.492,0.0002,0
98.914,12.326,85.257,1810.952,0.73,0.1924,0
55.641,3.687,73.471,1224.967,0.444,0.1099,0
83.923,5.476,57.138,1806.011,14.845,0.1197,0
99.033,2.728,42.046,682.921,7.402,0.12,0
14.245,7.066,88.675,861.041,5.333,0.1101,0
44.88,5.942,63.109,1100.619,4.123,0.058,0
39.318,3.69,162.952,1116.136,14.7,0.1943,0
8.097,11.302,29.134,1996.002,3.784,0.1243,1
75.557,4.776,53.772,494.557,10.886,0.1342,0
43.435,4.165,49.456,1748.341,4.256,0.091,0
46.986,2.05,91.322,1768.259,1.057,0.0576,0
15.152,6.638,83.929,1240.438,10.249,0.0129,0
18.175,4.614,108.184,884.863,0.024,0.07,0
90.72,5.602,159.605,1182.684,10.136,0.0352,0
4.56,3.616,47.989,797.195,3.756,0.1324,1
23.362,11.471,116.416,1658.483,11.192,0.1758,0
29.277,13.957,4.304,1147.075,11.546,0.0606,1
49.071,7.519,44.155,1873.932,10.862,0.0666,0
58.686,9.681,77.959,1358.575,0.367,0.1341,0
49.38,13.021,5.304,1174.343,10.556,0.0299,1
8.503,14.983,103.807,1508.818,14.852,0.1859,1
24.442,9.241,113.988,1156.686,3.639,0.0728,0
84.374,13.358,125.476,1837.661,4.114,0.0202,0
63.795,13.638,86.833,613.558,12.203,0.0349,0
64.95,11.893,101.502,1954.693,2.406,0.1865,0
67.053,6.968,66.599,1680.724,9.909,0.0494,0
76.314,1.309,7.026,1763.247,11.325,0.1325,0
5.905,0.336,16.882,1120.943,0.557,0.0312,1
36.724,7.21,110.074,1723.243,8.306,0.0388,0
53.999,7.465,167.254,821.516,8.638,0.1758,0
33.912,6.17,2.753,1595.312,4.552,0.0296,0
84.463,8.566,93.718,538.765,13.145,0.0038,0
48.309,8.327,126.194,821.988,2.441,0.1002,0
76.886,12.566,138.915,1057.746,5.463,0.1725,0
85.216,1.719,91.64,847.944,12.73,0.0652,0
50.529,3.455,104.184,957.929,2.86,0.0256,0
90.964,11.916,117.08,1694.178,12.321,0.1964,0
58.754,12.733,144.32,736.349,1.186,0.1353,0
85.042,14.923,20.632,1566.978,7.338,0.1701,0
34.125,13.106,155.606,425.311,1.13,0.1504,0
49.932,13.359,4.468,1601.756,10.169,0.1396,1
53.188,4.784,140.498,1646.44,11.859,0.0769,0
10.587,6.085,12.985,982.888,12.748,0.0649,1
39.915,4.094,32.778,1528.212,14.719,0.1434,0
91.742,9.134,0.754,1855.735,10.08,0.1433,1
63.12,14.088,74.859,1661.212,11.536,0.1901,0
17.833,5.235,56.239,963.759,7.586,0.1137,0
33.952,8.399,27.97,1123.163,13.691,0.0589,0
19.241,4.515,75.838,1624.908,9.656,0.0979,0
2.58,2.63,67.658,797.411,13.253,0.1227,1
92.753,3.008,128.99,1666.601,3.532,0.0853,0
44.876,0.963,150.057,857.721,7.451,0.1582,0
30.823,14.244,109.666,1670.184,10.947,0.1169,0
59.888,6.103,20.989,447.561,3.041,0.0019,0
0.831,12.528,49.696,375.475,3.17,0.114,1
27.874,10.252,153.446,1996.048,14.671,0.1267,0
70.333,2.96,14.999,1778.077,6.519,0.1831,0
63.414,2.714,68.411,1800.841,2.727,0.0827,0
98.182,12.199,158.347,1917.176,4.972,0.1149,0
62.074,4.044,159.717,1045.138,5.961,0.095,0
47.803,13.708,69.141,787.62,9.346,0.1063,0
76.167,2.187,112.156,521.042,13.845,0.0135,0
90.342,10.198,76.788,1152.056,14.799,0.1795,0
72.098,12.236,126.606,674.082,9.775,0.1821,0
96.325,3.605,5.403,1890.436,10.499,0.1096,0
78.222,4.215,24.304,306.805,4.827,0.1113,0
86.693,14.471,103.224,543.434,12.857,0.0115,0
11.499,4.043,39.146,719.009,3.267,0.1196,1
73.268,6.506,111.93,638.226,1.596,0.0858,0
44.065,6.544,59.07,683.823,14.599,0.1418,0
55.355,3.87,148.968,1415.281,12.962,0.0094,0
65.445,11.659,137.654,856.771,4.555,0.1422,0
96.985,11.601,82.847,1345.541,10.128,0.0574,0
98.459,5.737,129.869,1813.438,7.005,0.1303,0
28.894,12.543,45.624,1324.347,4.847,0.1254,0
73.402,3.275,83.086,1480.706,4.302,0.0454,0
75.023,0.164,33.257,921.356,2.04,0.0881,0
34.715,8.61,144.643,571.555,8.24,0.1671,0
12.475,14.912,138.293,844.993,6.699,0.1211,1
4.191,0.676,151.571,1939.281,7.683,0.0137,1
77.757,3.199,147.428,1357.079,3.23,0.0886,0
49.021,7.832,161.216,771.769,14.079,0.0624,0
98.555,12.168,38.438,1066.556,9.579,0.1283,0
46.551,1.427,156.553,1720.372,13.494,0.1229,0
97.794,5.989,96.007,1436.354,1.639,0.0021,0
41.216,11.231,71.037,1253.11,9.343,0.1215,0
79.389,5.636,94.187,1804.777,12.742,0.147,0
8.573,2.914,57.623,1443.147,4.964,0.1537,0
55.591,3.013,48.548,1392.641,2.927,0.0118,0
80.226,6.21,40.617,622.606,3.975,0.0607,0
92.478,7.243,13.94,480.861,4.094,0.0843,0
82.276,12.941,83.473,1940.742,6.708,0.036,0
3.793,9.67,149.155,1318.059,4.889,0.0841,1
37.333,10.387,105.903,1006.662,4.069,0.0142,0
4.965,14.747,87.572,1301.335,9.728,0.0226,1
11.017,6.236,72.061,405.08,0.795,0.1337,0
67.563,6.11,78.073,1697.616,5.105,0.0525,0
71.354,13.858,35.238,668.297,10.346,0.1423,0
77.395,3.764,138.271,1667.728,2.638,0.0096,0
86.559,10.974,33.408,1208.443,3.314,0.1125,0
73.969,11.343,120.421,770.172,3.01,0.0783,0
80.107,1.557,127.701,351.357,0.014,0.1594,0
4.991,7.077,96.621,1686.917,7.107,0.1568,1
23.53,3.088,144.985,599.982,0.584,0.0751,0
62.228,2.862,48.967,388.069,4.094,0.1245,0
85.827,7.011,148.124,1584.992,14.922,0.0455,0
0.55,4.413,122.568,895.073,13.776,0.1161,1
51.511,11.961,134.21,961.868,3.226,0.0163,0
67.761,13.623,111.683,720.015,4.65,0.0869,0
3.058,12.061,142.201,1760.603,6.956,0.0365,1
40.195,4.064,166.841,805.46,12.666,0.1767,0
89.574,4.185,70.645,657.327,12.04,0.089,0
67.194,3.895,136.756,825.725,1.894,0.1182,0
23.842,2.112,125.115,645.354,1.867,0.0721,0
85.293,14.163,76.137,840.014,6.251,0.0577,0
34.868,6.091,155.735,440.992,13.051,0.0406,0
85.349,3.448,66.324,569.501,13.231,0.1824,0
29.964,12.715,95.042,1008.99,1.61,0.1599,0
59.073,6.048,17.888,1795.094,8.614,0.0267,0
39.754,0.623,38.008,397.394,2.335,0.1493,0
27.555,2.513,141.253,661.547,10.292,0.0837,0
88.667,9.625,66.681,1844.188,13.746,0.0031,0
18.841,11.765,66.267,1813.025,6.822,0.1057,0
8.573,3.243,41.4,1455.066,1.246,0.026,1
34.259,13.769,82.641,708.805,8.689,0.042,0
71.792,12.78,135.397,1013.678,6.128,0.1392,0
80.762,12.741,150.398,659.076,12.163,0.0514,0
99.874,3.492,11.872,518.6,5.105,0.1784,0
29.707,0.853,96.612,945.997,13.123,0.1314,0
40.853,13.025,78.555,1278.897,4.106,0.1665,0
13.768,4.656,103.238,911.886,2.363,0.123,0
57.53,9.322,75.198,1338.402,4.597,0.1738,0
99.758,11.424,67.032,803.633,0.524,0.0723,0
70.118,2.012,79.329,887.946,4.219,0.1098,0
59.562,11.734,97.818,1644.145,9.902,0.1032,0
39.298,14.084,84.215,1793.135,2.134,0.1808,0
91.538,10.953,79.373,847.458,1.67,0.033,0
49.742,6.674,137.415,1271.577,1.986,0.1156,0
13.523,13.163,125.294,772.876,1.163,0.1509,0
36.601,7.959,57.417,390.669,13.12,0.074,0
6.81,11.197,134.517,1554.357,14.162,0.1735,1
20.278,12.326,143.428,590.706,0.698,0.0746,0
1.865,11.265,25.871,1023.711,11.401,0.0347,1
45.383,4.389,97.932,1127.977,11.057,0.1168,0
63.491,1.856,48.004,613.602,14.954,0.0841,0
34.395,3.651,124.207,460.744,5.218,0.003,0
42.096,7.593,40.192,891.622,4.283,0.014,0
95.925,7.629,112.829,1918.886,6.796,0.0391,0
75.221,8.781,42.935,1345.731,12.849,0.1539,0
54.132,5.987,85.921,948.397,10.929,0.1784,0
28.526,11.825,159.378,366.148,7.074,0.1091,0
89.71,13.706,64.122,1320.465,3.668,0.0211,0
23.586,3.776,147.136,456.838,10.905,0.1069,0
32.602,11.074,165.808,1222.325,12.818,0.1711,0
90.916,10.202,146.987,1578.316,5.999,0.1499,0
53.001,7.894,27.949,1020.095,10.029,0.0582,0
74.258,2.909,137.721,809.0,6.003,0.0248,0
59.115,11.949,5.498,380.553,7.177,0.1801,1
65.379,14.413,66.135,342.122,7.874,0.1708,0
30.008,10.855,146.296,1031.045,11.636,0.0107,0
24.213,13.776,115.741,1801.687,14.663,0.1647,0
32.317,14.764,89.547,714.907,6.665,0.0194,0
15.629,5.346,65.222,1275.894,5.135,0.0127,0
87.444,9.61,136.485,1463.32,5.604,0.1517,0
28.396,7.162,119.235,403.411,2.008,0.1073,0
56.193,14.801,78.745,560.271,4.454,0.0829,0
79.218,1.498,149.948,863.171,1.297,0.1808,0
78.404,6.244,38.708,1439.158,6.418,0.1679,0
43.895,13.146,28.709,1046.36,2.51,0.0115,0
47.678,4.332,108.027,1548.132,5.196,0.1232,0
99.471,11.838,163.298,1774.916,11.904,0.1545,0
67.492,5.803,41.614,1589.233,3.689,0.1101,0
81.482,14.702,42.02,1986.82,9.178,0.1966,0
90.265,13.265,23.522,1582.414,13.518,0.1372,0
78.78,4.59,144.589,1748.705,8.504,0.0208,0
18.599,11.576,38.112,1715.023,2.907,0.0397,0
56.261,5.119,84.584,1541.452,5.171,0.1652,0
10.279,9.135,166.467,1663.063,8.856,0.1994,1
65.327,9.911,2.138,1888.961,7.599,0.0197,0
95.539,12.461,93.534,1107.853,2.229,0.0201,0
51.322,0.464,86.113,1385.088,6.702,0.1527,0
43.354,3.38,135.67,1175.398,8.146,0.0129,0
3.681,10.708,59.752,1746.763,4.01,0.0137,1
95.981,8.496,68.996,1033.311,9.187,0.1778,0
10.39,7.485,28.297,1693.536,1.052,0.1601,1
4.204,0.923,124.483,1658.903,5.049,0.1763,1
24.682,5.289,131.853,1935.206,12.064,0.1301,0
6.646,12.99,23.046,723.165,3.889,0.0645,1
45.566,0.56,66.161,1506.353,9.078,0.1813,0
51.657,6.007,150.019,1586.763,6.15,0.0597,0
31.326,14.183,0.555,1891.673,4.747,0.0551,1
5.191,0.858,50.262,1841.734,13.742,0.1773,1
11.249,11.271,93.292,1274.994,5.149,0.1362,1
38.512,3.938,56.194,1284.56,3.55,0.1791,0
6.147,13.012,45.776,584.395,13.64,0.0312,1
69.849,11.216,77.34,1957.437,11.189,0.1905,0
20.781,13.297,30.578,733.53,10.227,0.1225,0
30.277,3.317,89.024,1532.052,0.743,0.1336,0
39.473,8.016,118.754,1652.852,1.968,0.1828,0
41.719,11.711,96.692,1050.066,9.575,0.0762,0
0.266,3.761,15.733,659.029,3.141,0.1439,1
11.296,3.538,141.876,621.233,3.385,0.1281,0
86.29,0.505,29.479,1756.043,11.687,0.1576,0
0.223,14.382,128.512,1168.286,4.289,0.1794,1
50.866,10.679,60.639,453.233,1.074,0.136,0
49.001,9.57,131.526,1518.933,0.546,0.0135,0
33.376,11.186,34.733,725.291,6.648,0.0366,0
43.19,8.021,31.441,1789.871,9.257,0.1908,0
78.08,7.194,83.551,826.272,13.033,0.1937,0
84.136,6.798,5.63,640.46,1.662,0.1935,0
26.109,9.643,37.927,444.259,2.95,0.0074,0
32.317,3.103,121.662,1169.603,7.947,0.0765,0
24.324,13.332,140.697,1066.254,5.462,0.1519,0
48.038,12.195,13.664,1577.231,7.238,0.1506,0
68.358,5.308,148.201,1089.824,13.862,0.0172,0
22.902,8.721,134.003,884.487,8.173,0.1219,0
33.141,2.201,146.12,744.813,6.227,0.0286,0
93.045,14.588,117.366,772.849,14.842,0.0986,0
4.952,13.553,113.29,1877.341,0.978,0.0479,1
46.131,13.836,88.263,580.634,13.982,0.0106,0
71.185,5.049,109.703,1979.9,7.525,0.016,0
15.13,2.62,154.419,855.763,7.556,0.1822,0
4.833,3.255,16.978,450.263,13.829,0.1489,1
13.907,1.441,53.117,722.774,7.61,0.1864,0
91.89,1.89,12.265,399.304,6.576,0.094,0
1.025,1.162,158.733,1643.051,4.087,0.0827,1
18.913,14.848,74.86,1171.34,9.882,0.0717,0
3.225,1.203,113.49,872.877,8.545,0.1233,1
11.152,2.075,141.324,1425.484,3.215,0.0703,0
62.053,12.426,166.489,1372.099,10.641,0.1493,0
24.24,8.746,27.263,1897.783,9.661,0.1603,0
56.964,11.639,134.338,1934.143,5.96,0.1752,0
59.061,9.501,149.098,1457.162,0.066,0.0486,0
84.959,13.244,8.306,1690.287,6.699,0.1054,0
0.574,9.613,126.712,1647.123,0.091,0.0447,1
85.352,7.88,59.658,1135.216,1.125,0.0075,0
61.95,10.72,108.999,1497.579,6.459,0.1416,0
16.358,6.766,86.409,433.04,1.229,0.1098,0
77.316,5.256,43.711,1588.636,4.135,0.1448,0
85.564,7.068,22.804,1935.116,9.832,0.0175,0
25.501,2.629,19.735,444.457,4.629,0.1991,0
91.887,11.969,17.448,1721.397,14.965,0.1989,0
45.5,3.984,107.185,1886.066,13.745,0.093,0
60.382,2.388,59.102,684.521,8.78,0.1732,0
98.466,3.771,36.473,1192.179,14.504,0.0487,0
36.217,12.647,116.268,1877.359,13.02,0.1475,0
81.335,5.02,115.422,1932.384,4.783,0.1758,0
31.908,10.322,90.626,517.4,11.244,0.1629,0
79.941,12.861,157.079,893.307,2.052,0.1624,0
60.113,1.258,64.811,1486.846,10.268,0.0926,0
21.714,11.499,140.441,676.649,7.366,0.164,0
41.461,4.684,12.716,852.11,0.252,0.1381,0
31.832,3.328,124.318,339.595,4.113,0.0265,0
7.903,10.365,166.06,560.987,14.331,0.0228,1
3.08,13.656,142.244,1255.96,4.737,0.1544,1
34.713,4.496,97.426,1410.253,2.722,0.1251,0
2.002,8.576,105.334,1403.15,2.813,0.1039,1
16.632,4.419,59.417,1623.213,7.188,0.1815,0
72.546,8.359,114.186,1005.978,12.64,0.1319,0
70.838,9.366,129.449,764.934,11.37,0.0792,0
73.884,9.194,167.703,326.487,6.553,0.0828,0
31.784,9.391,82.785,651.271,3.131,0.121,0
89.013,2.113,10.393,831.059,0.691,0.1521,0
59.424,10.434,100.145,602.952,6.939,0.1129,0
12.69,10.154,20.084,334.246,12.222,0.1018,1
14.457,10.271,41.196,567.661,10.945,0.1454,1
69.34,1.204,55.302,1432.369,6.129,0.1411,0
17.377,6.758,122.84,1370.295,8.921,0.1661,0
50.779,6.195,30.961,1890.662,6.544,0.0125,0
99.178,1.392,27.93,1656.886,8.685,0.151,0
0.5,3.413,7.649,1265.185,7.763,0.1028,1
1.756,6.67,146.717,533.846,10.214,0.0149,1
99.309,11.169,116.54,1258.922,7.616,0.1358,0
58.505,3.632,6.807,404.712,14.109,0.1433,0
12.778,12.463,4.85,1032.504,6.42,0.1047,1
89.74,8.232,93.901,963.44,0.239,0.1588,0
88.05,11.43,47.538,1027.283,3.546,0.06,0
53.666,7.141,100.29,775.704,7.509,0.0404,0
62.217,7.538,73.07,1465.912,8.109,0.0701,0
27.391,9.334,155.124,1729.606,8.286,0.082,0
5.147,13.927,48.423,1606.479,10.718,0.1392,1
59.497,7.428,114.129,1367.179,4.12,0.1691,0
29.546,7.977,9.176,1215.186,9.974,0.1442,0
66.396,9.07,160.589,352.843,10.56,0.0348,0
83.641,11.089,164.769,1528.988,6.169,0.0732,0
1.914,1.171,124.191,1226.471,6.033,0.0317,1
59.612,7.784,78.209,760.26,2.684,0.1373,0
23.205,7.276,37.037,857.331,6.21,0.0496,0
87.401,13.833,136.521,1890.532,11.802,0.1051,0
25.441,7.453,123.734,1361.416,13.635,0.1584,0
61.116,7.078,37.366,1109.051,8.904,0.1342,0
55.399,14.437,75.859,1355.567,4.491,0.0597,0
39.677,6.814,77.804,1003.362,10.234,0.0666,0
67.794,2.795,138.854,1099.31,11.102,0.1307,0
72.604,3.332,114.918,793.526,4.983,0.1099,0
56.737,1.518,108.088,1047.751,12.398,0.0193,0
75.866,0.108,109.206,1465.507,1.105,0.1748,0
98.343,6.536,45.512,367.901,0.161,0.1025,0
41.985,11.562,62.51,1651.547,1.845,0.0947,0
51.507,11.029,7.767,781.065,2.34,0.0397,1
1.346,0.579,132.227,1460.352,13.184,0.0754,1
79.623,8.593,72.8,1392.633,6.375,0.0666,0
52.071,2.399,73.68,1409.468,4.124,0.0541,0
40.855,14.122,41.295,1333.819,6.436,0.1135,0
9.498,2.594,35.263,1930.473,5.923,0.0925,0
88.977,9.437,98.795,1164.185,4.522,0.1778,0
39.561,4.961,39.146,1544.942,2.068,0.1883,0
68.29,9.659,10.881,1499.264,9.839,0.0439,1
15.022,6.243,128.964,701.655,2.049,0.02,0
96.159,11.419,63.309,781.62,11.631,0.1571,0
17.926,3.537,63.942,1020.829,3.025,0.199,0
20.034,13.596,72.518,772.086,10.971,0.1727,0
85.912,7.553,136.946,923.463,12.084,0.0047,0
91.267,11.366,53.969,964.633,1.88,0.0503,0
21.294,12.761,127.374,1326.57,1.301,0.0087,0
47.033,14.983,157.85,673.813,14.244,0.1642,0
73.376,3.437,111.06,1667.296,6.946,0.1163,0
87.849,4.375,72.579,1043.812,9.454,0.1027,0
37.967,3.831,125.654,1500.615,0.349,0.1109,0
51.75,4.017,76.981,438.452,4.181,0.0505,0
74.197,8.778,69.682,1098.941,7.581,0.1203,0
73.14,14.903,88.295,347.973,13.293,0.0061,0
78.318,14.855,53.446,1449.047,4.072,0.1292,0
57.036,7.949,17.604,884.307,11.628,0.1469,0
10.551,9.622,69.754,1913.73,9.933,0.1346,1
90.407,12.914,20.896,851.011,1.729,0.0664,0
86.571,14.001,69.013,1258.47,4.401,0.1653,0
79.83,3.138,93.609,737.559,3.568,0.1431,0
10.076,7.975,156.366,1354.191,6.638,0.0257,1
20.519,12.509,6.182,1093.972,9.53,0.039,1
74.386,4.618,104.443,930.068,6.501,0.1274,0
2.412,6.653,76.954,646.272,3.668,0.0579,1
97.925,14.786,3.502,489.586,10.438,0.0239,1
37.777,14.777,41.999,503.795,8.767,0.031,0
71.959,13.601,19.994,1998.368,7.79,0.0331,1
88.768,11.997,36.5,1000.928,8.316,0.0956,0
39.524,4.11,46.2,303.281,3.329,0.1215,0
31.981,4.881,67.479,1919.979,10.206,0.0353,0
60.913,8.255,88.926,333.966,5.813,0.1425,0
58.141,8.456,0.266,1011.596,5.452,0.0562,1
40.973,7.632,27.278,1519.712,2.246,0.0623,0
60.217,9.586,15.81,1854.819,8.953,0.0447,0
93.545,6.184,92.39,1511.907,9.04,0.157,0
46.817,11.263,55.352,1088.164,5.105,0.192,0
19.755,5.07,92.176,1956.551,12.898,0.0985,0
37.783,5.027,37.344,366.843,12.682,0.0084,0
39.471,1.996,4.168,1977.717,1.636,0.0521,0
13.198,2.912,158.156,1743.966,10.426,0.0316,0
16.371,12.773,18.285,1879.181,5.908,0.1686,1
68.488,6.75,21.4,733.113,14.996,0.017,0
34.014,3.495,24.705,542.179,3.375,0.1933,0
95.494,11.414,164.856,1427.636,4.208,0.1177,0
24.435,8.354,103.805,1176.961,6.632,0.1035,0
9.983,0.415,102.568,1189.386,4.031,0.1695,0
75.375,4.814,165.767,1871.853,10.38,0.0055,0
88.116,2.737,14.949,1354.138,7.214,0.1554,0
27.884,9.873,163.719,828.809,3.313,0.0233,0
20.289,4.198,34.354,980.113,7.596,0.1682,0
18.658,1.068,104.714,526.943,13.332,0.1058,0
52.249,0.919,70.632,626.934,11.886,0.0122,0
46.895,8.768,64.566,543.695,7.482,0.1666,0
26.018,0.424,156.456,1677.495,4.327,0.0055,0
4.613,12.747,25.155,1498.285,2.698,0.0277,1
48.201,2.415,167.508,1201.587,13.176,0.1596,0
95.937,9.138,63.755,936.425,10.653,0.093,0
65.287,6.726,109.029,1436.44,8.582,0.1763,0
49.601,6.698,162.612,1681.939,13.192,0.1271,0
11.158,1.17,9.771,1798.096,1.825,0.1247,0
25.318,12.061,155.049,1229.928,10.237,0.0584,0
29.548,13.406,95.436,1693.805,3.251,0.0267,0
76.504,0.264,118.368,1169.22,1.809,0.1922,0
87.683,2.761,25.148,1106.701,6.984,0.021,0
90.174,13.568,89.656,1771.234,5.811,0.1058,0
98.458,8.287,113.183,956.836,14.118,0.0545,0
98.238,2.336,76.704,973.052,4.86,0.0528,0
95.305,3.122,26.122,818.349,12.224,0.1189,0
7.275,9.934,41.088,1181.793,11.232,0.1596,1
13.866,10.9,143.553,1226.245,10.019,0.1554,1
30.516,9.031,5.888,1422.784,13.806,0.1738,1
55.335,14.302,119.118,1031.854,6.119,0.0586,0
9.788,7.462,167.898,670.323,5.845,0.0932,0
84.595,4.574,1.356,1773.632,2.414,0.0019,0
61.714,7.211,27.14,888.201,4.136,0.1494,0
54.282,5.459,113.289,1869.004,13.197,0.0605,0
16.615,3.444,10.172,652.501,7.116,0.1123,0
25.4,0.785,99.126,1252.098,5.12,0.0339,0
16.115,5.348,114.944,1212.246,3.242,0.1639,0
85.208,10.7,98.85,1708.701,7.274,0.1635,0
58.464,0.375,61.415,536.047,10.75,0.1755,0
73.539,6.644,117.174,1846.893,4.3,0.0092,0
29.674,9.696,99.882,1203.428,11.366,0.1985,0
37.188,9.195,34.962,1296.386,9.447,0.0496,0
40.545,11.672,94.65,1167.283,11.813,0.0619,0
76.025,12.177,148.172,361.242,3.764,0.0499,0
77.258,10.704,112.061,1145.054,9.465,0.0535,0
20.761,1.632,79.314,748.034,2.306,0.1105,0
94.16,7.178,54.094,882.57,5.457,0.048,0
12.153,9.091,14.52,1403.473,10.865,0.0788,1
89.623,3.759,41.173,1146.085,9.475,0.1311,0
10.13,0.734,1.978,458.471,2.818,0.1672,1
26.528,3.431,165.754,424.17,12.875,0.1385,0
84.663,6.878,37.455,615.618,0.8,0.1189,0
18.031,6.268,136.918,624.505,8.928,0.0295,0
41.415,2.732,28.415,1334.111,14.757,0.1632,0
45.041,12.384,47.717,602.285,7.973,0.0075,0
24.601,13.893,70.329,1798.923,12.01,0.0528,0
71.053,3.1,54.568,656.593,8.928,0.0114,0
85.148,13.951,134.143,454.923,11.746,0.1335,0
87.47,0.366,160.897,1788.768,9.834,0.0737,0
33.998,13.882,147.062,802.057,10.367,0.1304,0
53.132,14.284,25.886,1023.218,3.417,0.0694,0
24.916,0.28,130.506,1930.345,11.127,0.0911,0
24.555,11.469,24.94,1905.428,3.569,0.0916,0
16.209,14.556,153.457,1515.359,14.71,0.0091,1
94.008,13.598,87.052,417.196,3.417,0.086,0
88.81,14.564,56.578,1308.678,3.55,0.1282,0
77.758,8.3,26.465,1981.432,12.88,0.1092,0
51.814,1.265,2.083,1909.758,3.645,0.0151,0
49.112,12.762,41.73,480.204,5.414,0.1336,0
53.022,9.246,153.564,973.144,10.72,0.0618,0
53.703,9.26,133.96,836.412,2.381,0.0029,0
43.513,6.317,162.928,520.538,2.386,0.0311,0
13.262,8.62,17.018,1481.157,7.295,0.0995,1
12.654,2.388,99.527,765.542,3.655,0.0621,0
95.23,11.123,43.276,886.272,3.535,0.1389,0
48.255,1.218,91.26,453.61,0.139,0.0481,0
95.325,10.974,53.904,1146.545,5.557,0.1546,0
16.441,12.75,47.694,568.885,4.774,0.0573,0
55.486,7.14,96.449,1034.554,0.467,0.1242,0
20.851,7.696,30.879,543.682,9.318,0.1598,0
25.393,4.752,78.868,1921.545,9.4,0.0771,0
3.102,14.545,109.371,546.47,1.062,0.0094,1
11.983,11.024,21.622,1187.208,4.756,0.1071,1
91.693,5.598,156.347,634.866,13.092,0.1991,0
32.221,2.705,85.011,429.815,8.733,0.1938,0
60.852,3.372,137.699,643.925,6.18,0.0442,0
46.555,7.012,109.891,393.116,6.977,0.1511,0
40.105,14.144,119.309,536.976,3.124,0.069,0
53.235,11.039,120.338,1138.923,12.178,0.0321,0
18.805,3.307,147.029,1408.086,13.71,0.1332,0
98.862,12.907,103.124,448.478,13.66,0.1002,0
81.849,5.735,46.813,1049.732,3.359,0.1078,0
74.187,12.791,16.808,1288.12,4.661,0.1655,0
46.929,3.701,101.889,698.184,2.409,0.0673,0
15.372,9.318,11.241,932.533,4.608,0.1334,1
92.075,13.907,40.613,422.119,4.992,0.0732,0
34.205,3.943,10.293,674.223,9.497,0.0085,0
5.106,10.425,92.258,1093.48,2.845,0.0756,1
34.306,14.811,27.021,1983.752,13.791,0.19,1
79.466,2.344,102.587,1993.651,1.546,0.0967,0
62.309,1.417,132.886,1965.357,0.103,0.0216,0
75.109,10.146,138.094,1019.247,12.824,0.1376,0
79.384,5.162,52.072,437.157,10.557,0.1927,0
21.274,1.162,92.269,850.075,5.33,0.1816,0
92.386,7.182,94.63,704.114,8.932,0.1144,0
43.855,11.331,79.498,324.015,3.353,0.0753,0
63.937,4.348,110.094,461.897,2.526,0.1161,0
0.331,5.092,35.374,1070.426,7.067,0.1632,1
99.338,12.701,164.515,877.426,5.298,0.1722,0
28.162,7.849,16.568,606.601,9.228,0.1638,0
